segment_rank,segment_label,contact_channel_group,contact_timing,cohort,src_risk_tier,Treatment,metric,n__saved,non_null__saved,clipped_median__saved,clipped_q25__saved,clipped_q75__saved,clipped_iqr__saved,n__stopped,non_null__stopped,clipped_median__stopped,clipped_q25__stopped,clipped_q75__stopped,clipped_iqr__stopped,clipped_median_difference,clipped_median_difference_ci_lower,clipped_median_difference_ci_upper,bootstrap_iterations,confidence_level
0,Called-In Cancel Flow · Contact On/After Pricing · Two-Offer Cohort · Missing · Control,Called-In Cancel Flow,Contact On/After Pricing,Two-Offer Cohort,,Control,frequency,59,59,69.0,24.5,87.0,62.5,31,31,1.0,0.0,34.5,34.5,68.0,41.0,78.0,2000,0.95
0,Called-In Cancel Flow · Contact On/After Pricing · Two-Offer Cohort · Missing · Control,Called-In Cancel Flow,Contact On/After Pricing,Two-Offer Cohort,,Control,breadth,59,59,5.0,3.0,7.5,4.5,31,31,0.0,0.0,3.5,3.5,5.0,2.0,6.0,2000,0.95
0,Called-In Cancel Flow · Contact On/After Pricing · Two-Offer Cohort · Missing · Control,Called-In Cancel Flow,Contact On/After Pricing,Two-Offer Cohort,,Control,tenure,59,59,1425.0,1027.5,1643.0,615.5,31,31,1454.0,901.5,1610.0,708.5,-29.0,-216.0,153.0,2000,0.95
0,Called-In Cancel Flow · Contact On/After Pricing · Two-Offer Cohort · Missing · Control,Called-In Cancel Flow,Contact On/After Pricing,Two-Offer Cohort,,Control,tt_cost,59,59,432.234,269.1298333333333,555.3683333333333,286.23850000000004,31,31,443.88899999999995,275.6813333333333,651.3480000000001,375.66666666666674,-11.654999999999973,-127.58499999999998,155.96866666666665,2000,0.95
0,Called-In Cancel Flow · Contact On/After Pricing · Two-Offer Cohort · Missing · Midpoint,Called-In Cancel Flow,Contact On/After Pricing,Two-Offer Cohort,,Midpoint,frequency,46,45,78.0,42.0,87.0,45.0,56,55,17.0,0.0,47.5,47.5,61.0,31.0,77.02499999999986,2000,0.95
0,Called-In Cancel Flow · Contact On/After Pricing · Two-Offer Cohort · Missing · Midpoint,Called-In Cancel Flow,Contact On/After Pricing,Two-Offer Cohort,,Midpoint,breadth,46,45,5.0,3.0,9.0,6.0,56,55,1.0,0.0,7.0,7.0,4.0,2.0,6.0,2000,0.95
0,Called-In Cancel Flow · Contact On/After Pricing · Two-Offer Cohort · Missing · Midpoint,Called-In Cancel Flow,Contact On/After Pricing,Two-Offer Cohort,,Midpoint,tenure,46,45,1381.0,1118.0,1622.0,504.0,56,55,1425.0,1063.0,1642.5,579.5,-44.0,-270.0499999999999,120.0,2000,0.95
0,Called-In Cancel Flow · Contact On/After Pricing · Two-Offer Cohort · Missing · Midpoint,Called-In Cancel Flow,Contact On/After Pricing,Two-Offer Cohort,,Midpoint,tt_cost,46,45,394.17333333333335,259.407,534.465,275.05800000000005,56,55,518.148,339.77049999999997,618.1056666666666,278.3351666666666,-123.97466666666668,-171.21525,-9.990000000000009,2000,0.95
0,Called-In Cancel Flow · Contact On/After Pricing · Two-Offer Cohort · Missing · Tiered,Called-In Cancel Flow,Contact On/After Pricing,Two-Offer Cohort,,Tiered,frequency,0,0,,,,,0,0,,,,,,,,2000,0.95
0,Called-In Cancel Flow · Contact On/After Pricing · Two-Offer Cohort · Missing · Tiered,Called-In Cancel Flow,Contact On/After Pricing,Two-Offer Cohort,,Tiered,breadth,0,0,,,,,0,0,,,,,,,,2000,0.95
0,Called-In Cancel Flow · Contact On/After Pricing · Two-Offer Cohort · Missing · Tiered,Called-In Cancel Flow,Contact On/After Pricing,Two-Offer Cohort,,Tiered,tenure,0,0,,,,,0,0,,,,,,,,2000,0.95
0,Called-In Cancel Flow · Contact On/After Pricing · Two-Offer Cohort · Missing · Tiered,Called-In Cancel Flow,Contact On/After Pricing,Two-Offer Cohort,,Tiered,tt_cost,0,0,,,,,0,0,,,,,,,,2000,0.95
1,Called-In Cancel Flow · Contact On/After Pricing · Three-Offer Cohort · 2. Med-Low risk · Control,Called-In Cancel Flow,Contact On/After Pricing,Three-Offer Cohort,2. Med-Low risk,Control,frequency,9,9,38.0,27.0,46.0,19.0,5,5,28.0,8.0,44.0,36.0,10.0,-26.0,42.0,2000,0.95
1,Called-In Cancel Flow · Contact On/After Pricing · Three-Offer Cohort · 2. Med-Low risk · Control,Called-In Cancel Flow,Contact On/After Pricing,Three-Offer Cohort,2. Med-Low risk,Control,breadth,9,9,2.0,2.0,8.0,6.0,5,5,2.0,0.0,2.0,2.0,0.0,-2.0,8.0,2000,0.95
1,Called-In Cancel Flow · Contact On/After Pricing · Three-Offer Cohort · 2. Med-Low risk · Control,Called-In Cancel Flow,Contact On/After Pricing,Three-Offer Cohort,2. Med-Low risk,Control,tenure,9,9,1212.0,812.0,2001.0,1189.0,5,5,1726.0,1512.0,1759.0,247.0,-514.0,-1181.0,724.0,2000,0.95
1,Called-In Cancel Flow · Contact On/After Pricing · Three-Offer Cohort · 2. Med-Low risk · Control,Called-In Cancel Flow,Contact On/After Pricing,Three-Offer Cohort,2. Med-Low risk,Control,tt_cost,9,9,403.596,339.472,666.3330000000001,326.8610000000001,5,5,796.869,574.758,1007.4959999999999,432.73799999999983,-393.273,-768.4843333333333,91.57500000000005,2000,0.95
1,Called-In Cancel Flow · Contact On/After Pricing · Three-Offer Cohort · 2. Med-Low risk · Midpoint,Called-In Cancel Flow,Contact On/After Pricing,Three-Offer Cohort,2. Med-Low risk,Midpoint,frequency,12,12,47.5,38.5,63.75,25.25,25,25,25.0,15.0,42.0,27.0,22.5,8.0,43.5,2000,0.95
1,Called-In Cancel Flow · Contact On/After Pricing · Three-Offer Cohort · 2. Med-Low risk · Midpoint,Called-In Cancel Flow,Contact On/After Pricing,Three-Offer Cohort,2. Med-Low risk,Midpoint,breadth,12,12,8.0,4.75,9.0,4.25,25,25,4.0,1.0,6.0,5.0,4.0,0.0,6.5,2000,0.95
1,Called-In Cancel Flow · Contact On/After Pricing · Three-Offer Cohort · 2. Med-Low risk · Midpoint,Called-In Cancel Flow,Contact On/After Pricing,Three-Offer Cohort,2. Med-Low risk,Midpoint,tenure,12,12,1299.0,743.25,1951.75,1208.5,25,25,1785.0,1333.0,2170.0,837.0,-486.0,-1081.0375,203.0,2000,0.95
1,Called-In Cancel Flow · Contact On/After Pricing · Three-Offer Cohort · 2. Med-Low risk · Midpoint,Called-In Cancel Flow,Contact On/After Pricing,Three-Offer Cohort,2. Med-Low risk,Midpoint,tt_cost,12,12,488.511,217.50225,680.3263333333333,462.8240833333333,25,25,596.0699999999999,464.535,745.5870000000001,281.0520000000001,-107.55899999999991,-411.1484999999999,100.58066666666673,2000,0.95
1,Called-In Cancel Flow · Contact On/After Pricing · Three-Offer Cohort · 2. Med-Low risk · Tiered,Called-In Cancel Flow,Contact On/After Pricing,Three-Offer Cohort,2. Med-Low risk,Tiered,frequency,6,6,41.5,27.5,51.0,23.5,16,16,25.5,12.5,40.0,27.5,16.0,-16.5,34.0,2000,0.95
1,Called-In Cancel Flow · Contact On/After Pricing · Three-Offer Cohort · 2. Med-Low risk · Tiered,Called-In Cancel Flow,Contact On/After Pricing,Three-Offer Cohort,2. Med-Low risk,Tiered,breadth,6,6,4.5,2.5,5.75,3.25,16,16,4.0,2.75,6.25,3.5,0.5,-4.0,3.0,2000,0.95
1,Called-In Cancel Flow · Contact On/After Pricing · Three-Offer Cohort · 2. Med-Low risk · Tiered,Called-In Cancel Flow,Contact On/After Pricing,Three-Offer Cohort,2. Med-Low risk,Tiered,tenure,6,6,2320.0,1651.0,2466.25,815.25,16,16,2059.0,1620.5,2654.5,1034.0,261.0,-1154.0249999999999,700.5,2000,0.95
1,Called-In Cancel Flow · Contact On/After Pricing · Three-Offer Cohort · 2. Med-Low risk · Tiered,Called-In Cancel Flow,Contact On/After Pricing,Three-Offer Cohort,2. Med-Low risk,Tiered,tt_cost,6,6,772.56,549.783,821.26125,271.47825,16,16,685.6469999999999,554.1255000000001,900.432,346.3064999999999,86.91300000000001,-433.4275374999998,625.4653333333331,2000,0.95
2,Called-In Cancel Flow · Contact Before Pricing · Two-Offer Cohort · Missing · Control,Called-In Cancel Flow,Contact Before Pricing,Two-Offer Cohort,,Control,frequency,58,58,60.5,21.75,85.0,63.25,31,31,5.0,0.0,32.5,32.5,55.5,29.5,71.5,2000,0.95
2,Called-In Cancel Flow · Contact Before Pricing · Two-Offer Cohort · Missing · Control,Called-In Cancel Flow,Contact Before Pricing,Two-Offer Cohort,,Control,breadth,58,58,6.0,2.0,9.0,7.0,31,31,1.0,0.0,5.0,5.0,5.0,1.5,7.0,2000,0.95
2,Called-In Cancel Flow · Contact Before Pricing · Two-Offer Cohort · Missing · Control,Called-In Cancel Flow,Contact Before Pricing,Two-Offer Cohort,,Control,tenure,58,58,1488.5,1276.25,1718.0,441.75,31,31,1300.0,601.0,1540.5,939.5,188.5,43.2125000000005,489.0,2000,0.95
2,Called-In Cancel Flow · Contact Before Pricing · Two-Offer Cohort · Missing · Control,Called-In Cancel Flow,Contact Before Pricing,Two-Offer Cohort,,Control,tt_cost,58,58,453.71250000000003,283.76466666666664,542.04075,258.27608333333336,31,31,443.556,169.16400000000002,672.9399999999999,503.77599999999995,10.156500000000051,-160.23352083333324,77.04388749999929,2000,0.95
2,Called-In Cancel Flow · Contact Before Pricing · Two-Offer Cohort · Missing · Midpoint,Called-In Cancel Flow,Contact Before Pricing,Two-Offer Cohort,,Midpoint,frequency,23,23,77.0,49.0,89.0,40.0,58,58,39.0,6.25,73.0,66.75,38.0,14.0,67.0,2000,0.95
2,Called-In Cancel Flow · Contact Before Pricing · Two-Offer Cohort · Missing · Midpoint,Called-In Cancel Flow,Contact Before Pricing,Two-Offer Cohort,,Midpoint,breadth,23,23,5.0,2.5,7.5,5.0,58,58,4.0,1.0,6.0,5.0,1.0,-1.0,4.0,2000,0.95
2,Called-In Cancel Flow · Contact Before Pricing · Two-Offer Cohort · Missing · Midpoint,Called-In Cancel Flow,Contact Before Pricing,Two-Offer Cohort,,Midpoint,tenure,23,23,1468.0,1298.0,1882.5,584.5,58,58,1374.0,1065.25,1553.75,488.5,94.0,-38.0,328.0,2000,0.95
2,Called-In Cancel Flow · Contact Before Pricing · Two-Offer Cohort · Missing · Midpoint,Called-In Cancel Flow,Contact Before Pricing,Two-Offer Cohort,,Midpoint,tt_cost,23,23,421.911,328.38750000000005,566.9643333333333,238.5768333333333,58,58,447.3855,268.64750000000004,623.49275,354.84524999999996,-25.474499999999978,-125.35466249999995,104.45367499999973,2000,0.95
2,Called-In Cancel Flow · Contact Before Pricing · Two-Offer Cohort · Missing · Tiered,Called-In Cancel Flow,Contact Before Pricing,Two-Offer Cohort,,Tiered,frequency,0,0,,,,,0,0,,,,,,,,2000,0.95
2,Called-In Cancel Flow · Contact Before Pricing · Two-Offer Cohort · Missing · Tiered,Called-In Cancel Flow,Contact Before Pricing,Two-Offer Cohort,,Tiered,breadth,0,0,,,,,0,0,,,,,,,,2000,0.95
2,Called-In Cancel Flow · Contact Before Pricing · Two-Offer Cohort · Missing · Tiered,Called-In Cancel Flow,Contact Before Pricing,Two-Offer Cohort,,Tiered,tenure,0,0,,,,,0,0,,,,,,,,2000,0.95
2,Called-In Cancel Flow · Contact Before Pricing · Two-Offer Cohort · Missing · Tiered,Called-In Cancel Flow,Contact Before Pricing,Two-Offer Cohort,,Tiered,tt_cost,0,0,,,,,0,0,,,,,,,,2000,0.95
3,Online Cancel Flow · Contact Before Pricing · Three-Offer Cohort · 1. Low risk · Control,Online Cancel Flow,Contact Before Pricing,Three-Offer Cohort,1. Low risk,Control,frequency,23,23,69.0,32.5,86.5,54.0,25,25,62.0,30.0,78.0,48.0,7.0,-29.0,44.0,2000,0.95
3,Online Cancel Flow · Contact Before Pricing · Three-Offer Cohort · 1. Low risk · Control,Online Cancel Flow,Contact Before Pricing,Three-Offer Cohort,1. Low risk,Control,breadth,23,23,6.0,2.0,10.5,8.5,25,25,5.0,3.0,8.0,5.0,1.0,-3.0,5.0,2000,0.95
3,Online Cancel Flow · Contact Before Pricing · Three-Offer Cohort · 1. Low risk · Control,Online Cancel Flow,Contact Before Pricing,Three-Offer Cohort,1. Low risk,Control,tenure,23,23,1482.0,1269.0,1770.5,501.5,25,25,1576.0,1149.0,1642.0,493.0,-94.0,-244.09999999999982,388.0,2000,0.95
3,Online Cancel Flow · Contact Before Pricing · Three-Offer Cohort · 1. Low risk · Control,Online Cancel Flow,Contact Before Pricing,Three-Offer Cohort,1. Low risk,Control,tt_cost,23,23,371.961,244.09416666666667,531.0423333333333,286.9481666666667,25,25,438.122,380.952,546.7860000000001,165.83400000000006,-66.161,-236.06166666666672,49.94999999999999,2000,0.95
3,Online Cancel Flow · Contact Before Pricing · Three-Offer Cohort · 1. Low risk · Midpoint,Online Cancel Flow,Contact Before Pricing,Three-Offer Cohort,1. Low risk,Midpoint,frequency,3,3,90.0,49.0,90.5,41.5,37,37,76.0,41.0,85.0,44.0,14.0,-74.0,33.0,2000,0.95
3,Online Cancel Flow · Contact Before Pricing · Three-Offer Cohort · 1. Low risk · Midpoint,Online Cancel Flow,Contact Before Pricing,Three-Offer Cohort,1. Low risk,Midpoint,breadth,3,3,13.0,7.0,14.319999999999936,7.319999999999936,37,37,5.0,4.0,10.0,6.0,8.0,-6.0,11.639999999999873,2000,0.95
3,Online Cancel Flow · Contact Before Pricing · Three-Offer Cohort · 1. Low risk · Midpoint,Online Cancel Flow,Contact Before Pricing,Three-Offer Cohort,1. Low risk,Midpoint,tenure,3,3,1389.0,1297.5,1421.5,124.0,37,37,1482.0,1180.0,1667.0,487.0,-93.0,-408.0,149.0,2000,0.95
3,Online Cancel Flow · Contact Before Pricing · Three-Offer Cohort · 1. Low risk · Midpoint,Online Cancel Flow,Contact Before Pricing,Three-Offer Cohort,1. Low risk,Midpoint,tt_cost,3,3,241.84866666666667,221.22333333333336,352.19283333333334,130.96949999999998,37,37,518.6273333333334,251.082,594.072,342.99,-276.7786666666667,-336.864,69.59699999999992,2000,0.95
3,Online Cancel Flow · Contact Before Pricing · Three-Offer Cohort · 1. Low risk · Tiered,Online Cancel Flow,Contact Before Pricing,Three-Offer Cohort,1. Low risk,Tiered,frequency,1,1,69.0,69.0,69.0,0.0,38,38,81.0,58.75,90.0,31.25,-12.0,-16.0,3.0,2000,0.95
3,Online Cancel Flow · Contact Before Pricing · Three-Offer Cohort · 1. Low risk · Tiered,Online Cancel Flow,Contact Before Pricing,Three-Offer Cohort,1. Low risk,Tiered,breadth,1,1,7.0,7.0,7.0,0.0,38,38,9.5,6.25,12.0,5.75,-2.5,-4.0,-0.5,2000,0.95
3,Online Cancel Flow · Contact Before Pricing · Three-Offer Cohort · 1. Low risk · Tiered,Online Cancel Flow,Contact Before Pricing,Three-Offer Cohort,1. Low risk,Tiered,tenure,1,1,1453.0,1453.0,1453.0,0.0,38,38,1603.5,1400.25,2014.0,613.75,-150.5,-392.0,-29.0,2000,0.95
3,Online Cancel Flow · Contact Before Pricing · Three-Offer Cohort · 1. Low risk · Tiered,Online Cancel Flow,Contact Before Pricing,Three-Offer Cohort,1. Low risk,Tiered,tt_cost,1,1,241.68233333333333,241.68233333333333,241.68233333333333,0.0,38,38,530.6355,359.61425,625.0360000000001,265.42175000000003,-288.9531666666667,-361.9196666666668,-167.33870416666755,2000,0.95
4,Called-In Cancel Flow · Contact On/After Pricing · Three-Offer Cohort · 3. Medium risk · Control,Called-In Cancel Flow,Contact On/After Pricing,Three-Offer Cohort,3. Medium risk,Control,frequency,10,10,8.5,0.0,19.0,19.0,17,17,1.0,0.0,8.0,8.0,7.5,-4.0,19.524999999999864,2000,0.95
4,Called-In Cancel Flow · Contact On/After Pricing · Three-Offer Cohort · 3. Medium risk · Control,Called-In Cancel Flow,Contact On/After Pricing,Three-Offer Cohort,3. Medium risk,Control,breadth,10,10,1.0,0.0,5.0,5.0,17,17,0.0,0.0,0.0,0.0,1.0,0.0,6.0,2000,0.95
4,Called-In Cancel Flow · Contact On/After Pricing · Three-Offer Cohort · 3. Medium risk · Control,Called-In Cancel Flow,Contact On/After Pricing,Three-Offer Cohort,3. Medium risk,Control,tenure,10,10,1344.0,335.25,1605.5,1270.25,17,17,1332.0,1200.0,1508.0,308.0,12.0,-1084.0,386.0,2000,0.95
4,Called-In Cancel Flow · Contact On/After Pricing · Three-Offer Cohort · 3. Medium risk · Control,Called-In Cancel Flow,Contact On/After Pricing,Three-Offer Cohort,3. Medium risk,Control,tt_cost,10,10,447.552,111.63825,528.5625,416.92425000000003,17,17,684.981,443.556,799.2,355.64400000000006,-237.42899999999997,-642.1093333333333,43.906000000000006,2000,0.95
4,Called-In Cancel Flow · Contact On/After Pricing · Three-Offer Cohort · 3. Medium risk · Midpoint,Called-In Cancel Flow,Contact On/After Pricing,Three-Offer Cohort,3. Medium risk,Midpoint,frequency,8,8,10.5,1.75,29.0,27.25,13,13,6.0,0.0,19.0,19.0,4.5,-17.0,35.0,2000,0.95
4,Called-In Cancel Flow · Contact On/After Pricing · Three-Offer Cohort · 3. Medium risk · Midpoint,Called-In Cancel Flow,Contact On/After Pricing,Three-Offer Cohort,3. Medium risk,Midpoint,breadth,8,8,1.0,0.75,5.0,4.25,13,13,1.0,0.0,6.0,6.0,0.0,-5.0,5.0,2000,0.95
4,Called-In Cancel Flow · Contact On/After Pricing · Three-Offer Cohort · 3. Medium risk · Midpoint,Called-In Cancel Flow,Contact On/After Pricing,Three-Offer Cohort,3. Medium risk,Midpoint,tenure,8,8,1452.0,1083.5,1547.75,464.25,13,13,1147.0,333.0,1363.0,1030.0,305.0,-464.0,1237.5,2000,0.95
4,Called-In Cancel Flow · Contact On/After Pricing · Three-Offer Cohort · 3. Medium risk · Midpoint,Called-In Cancel Flow,Contact On/After Pricing,Three-Offer Cohort,3. Medium risk,Midpoint,tt_cost,8,8,483.516,360.80549999999994,515.40075,154.59525000000008,13,13,433.566,110.889,520.366,409.477,49.950000000000045,-213.45300000000003,412.0875000000001,2000,0.95
4,Called-In Cancel Flow · Contact On/After Pricing · Three-Offer Cohort · 3. Medium risk · Tiered,Called-In Cancel Flow,Contact On/After Pricing,Three-Offer Cohort,3. Medium risk,Tiered,frequency,7,7,15.0,6.0,21.0,15.0,22,22,1.0,0.0,9.0,9.0,14.0,0.987500000000022,23.0,2000,0.95
4,Called-In Cancel Flow · Contact On/After Pricing · Three-Offer Cohort · 3. Medium risk · Tiered,Called-In Cancel Flow,Contact On/After Pricing,Three-Offer Cohort,3. Medium risk,Tiered,breadth,7,7,2.0,1.0,5.0,4.0,22,22,0.0,0.0,4.25,4.25,2.0,-0.5,7.0,2000,0.95
4,Called-In Cancel Flow · Contact On/After Pricing · Three-Offer Cohort · 3. Medium risk · Tiered,Called-In Cancel Flow,Contact On/After Pricing,Three-Offer Cohort,3. Medium risk,Tiered,tenure,7,7,1360.0,1314.0,1390.0,76.0,22,22,1443.0,1253.0,1509.75,256.75,-83.0,-178.0125,92.0,2000,0.95
4,Called-In Cancel Flow · Contact On/After Pricing · Three-Offer Cohort · 3. Medium risk · Tiered,Called-In Cancel Flow,Contact On/After Pricing,Three-Offer Cohort,3. Medium risk,Tiered,tt_cost,7,7,462.87000000000006,437.562,571.2083333333334,133.64633333333336,22,22,497.835,436.31325,622.0440000000001,185.7307500000001,-34.96499999999992,-79.27064999999999,196.53016666666667,2000,0.95
5,Called-In Cancel Flow · Contact Before Pricing · Three-Offer Cohort · 2. Med-Low risk · Control,Called-In Cancel Flow,Contact Before Pricing,Three-Offer Cohort,2. Med-Low risk,Control,frequency,19,19,44.0,13.0,60.0,47.0,8,8,34.5,11.75,56.25,44.5,9.5,-26.512499999999978,42.0,2000,0.95
5,Called-In Cancel Flow · Contact Before Pricing · Three-Offer Cohort · 2. Med-Low risk · Control,Called-In Cancel Flow,Contact Before Pricing,Three-Offer Cohort,2. Med-Low risk,Control,breadth,19,19,4.0,2.0,6.0,4.0,8,8,1.0,0.0,4.5,4.5,3.0,-3.0,5.0,2000,0.95
5,Called-In Cancel Flow · Contact Before Pricing · Three-Offer Cohort · 2. Med-Low risk · Control,Called-In Cancel Flow,Contact Before Pricing,Three-Offer Cohort,2. Med-Low risk,Control,tenure,19,19,1695.0,937.0,2242.5,1305.5,8,8,1862.5,1338.25,2174.25,836.0,-167.5,-963.0,674.0,2000,0.95
5,Called-In Cancel Flow · Contact Before Pricing · Three-Offer Cohort · 2. Med-Low risk · Control,Called-In Cancel Flow,Contact Before Pricing,Three-Offer Cohort,2. Med-Low risk,Control,tt_cost,19,19,564.4350000000001,275.5575,746.7525,471.19500000000005,8,8,682.8518333333334,529.5532499999999,929.6527500000001,400.09950000000015,-118.41683333333333,-834.498,203.66696249999896,2000,0.95
5,Called-In Cancel Flow · Contact Before Pricing · Three-Offer Cohort · 2. Med-Low risk · Midpoint,Called-In Cancel Flow,Contact Before Pricing,Three-Offer Cohort,2. Med-Low risk,Midpoint,frequency,6,6,41.0,33.5,44.75,11.25,14,14,39.0,32.25,53.75,21.5,2.0,-17.512499999999978,17.5,2000,0.95
5,Called-In Cancel Flow · Contact Before Pricing · Three-Offer Cohort · 2. Med-Low risk · Midpoint,Called-In Cancel Flow,Contact Before Pricing,Three-Offer Cohort,2. Med-Low risk,Midpoint,breadth,6,6,5.0,2.5,6.75,4.25,14,14,5.5,4.0,8.75,4.75,-0.5,-5.0,3.0,2000,0.95
5,Called-In Cancel Flow · Contact Before Pricing · Three-Offer Cohort · 2. Med-Low risk · Midpoint,Called-In Cancel Flow,Contact Before Pricing,Three-Offer Cohort,2. Med-Low risk,Midpoint,tenure,6,6,887.0,392.75,1904.0,1511.25,14,14,1743.0,1511.75,1964.25,452.5,-856.0,-1560.0,618.5,2000,0.95
5,Called-In Cancel Flow · Contact Before Pricing · Three-Offer Cohort · 2. Med-Low risk · Midpoint,Called-In Cancel Flow,Contact Before Pricing,Three-Offer Cohort,2. Med-Low risk,Midpoint,tt_cost,6,6,329.46933333333334,176.85991666666666,634.032,457.1720833333334,14,14,604.4453333333333,472.527,697.2525,224.72550000000007,-274.976,-489.71301249999993,392.93121666666656,2000,0.95
5,Called-In Cancel Flow · Contact Before Pricing · Three-Offer Cohort · 2. Med-Low risk · Tiered,Called-In Cancel Flow,Contact Before Pricing,Three-Offer Cohort,2. Med-Low risk,Tiered,frequency,7,7,39.0,29.5,48.5,19.0,15,15,31.0,11.0,45.5,34.5,8.0,-16.0,36.0,2000,0.95
5,Called-In Cancel Flow · Contact Before Pricing · Three-Offer Cohort · 2. Med-Low risk · Tiered,Called-In Cancel Flow,Contact Before Pricing,Three-Offer Cohort,2. Med-Low risk,Tiered,breadth,7,7,2.0,1.0,4.0,3.0,15,15,4.0,2.0,5.0,3.0,-2.0,-4.0,1.0,2000,0.95
5,Called-In Cancel Flow · Contact Before Pricing · Three-Offer Cohort · 2. Med-Low risk · Tiered,Called-In Cancel Flow,Contact Before Pricing,Three-Offer Cohort,2. Med-Low risk,Tiered,tenure,7,7,1907.0,1633.0,2120.5,487.5,15,15,1873.0,1144.0,2366.0,1222.0,34.0,-668.0,911.0,2000,0.95
5,Called-In Cancel Flow · Contact Before Pricing · Three-Offer Cohort · 2. Med-Low risk · Tiered,Called-In Cancel Flow,Contact Before Pricing,Three-Offer Cohort,2. Med-Low risk,Tiered,tt_cost,7,7,635.0310000000001,543.789,697.3530000000001,153.56400000000008,15,15,723.0176666666667,493.00649999999996,798.8670000000001,305.8605000000001,-87.98666666666668,-316.0686666666666,262.071,2000,0.95
6,Called-In Cancel Flow · Contact Before Pricing · Three-Offer Cohort · 1. Low risk · Control,Called-In Cancel Flow,Contact Before Pricing,Three-Offer Cohort,1. Low risk,Control,frequency,79,79,81.0,54.0,90.0,36.0,8,8,68.5,59.75,83.25,23.5,12.5,-8.5,26.0,2000,0.95
6,Called-In Cancel Flow · Contact Before Pricing · Three-Offer Cohort · 1. Low risk · Control,Called-In Cancel Flow,Contact Before Pricing,Three-Offer Cohort,1. Low risk,Control,breadth,79,79,6.0,3.0,9.0,6.0,8,8,8.0,5.75,9.25,3.5,-2.0,-4.0,1.5,2000,0.95
6,Called-In Cancel Flow · Contact Before Pricing · Three-Offer Cohort · 1. Low risk · Control,Called-In Cancel Flow,Contact Before Pricing,Three-Offer Cohort,1. Low risk,Control,tenure,79,79,1600.0,1223.5,1956.5,733.0,8,8,1810.0,1485.75,2637.75,1152.0,-210.0,-1210.5,217.0,2000,0.95
6,Called-In Cancel Flow · Contact Before Pricing · Three-Offer Cohort · 1. Low risk · Control,Called-In Cancel Flow,Contact Before Pricing,Three-Offer Cohort,1. Low risk,Control,tt_cost,79,79,382.89933333333335,277.1945,553.4595,276.26500000000004,8,8,641.9831666666666,467.9054166666667,992.12075,524.2153333333333,-259.0838333333333,-775.147958333333,50.321333333333314,2000,0.95
6,Called-In Cancel Flow · Contact Before Pricing · Three-Offer Cohort · 1. Low risk · Midpoint,Called-In Cancel Flow,Contact Before Pricing,Three-Offer Cohort,1. Low risk,Midpoint,frequency,31,31,87.0,65.0,91.0,26.0,50,50,81.0,64.0,88.75,24.75,6.0,-2.5,15.0,2000,0.95
6,Called-In Cancel Flow · Contact Before Pricing · Three-Offer Cohort · 1. Low risk · Midpoint,Called-In Cancel Flow,Contact Before Pricing,Three-Offer Cohort,1. Low risk,Midpoint,breadth,31,31,7.0,3.5,9.0,5.5,50,50,7.0,4.25,9.0,4.75,0.0,-3.0,2.0,2000,0.95
6,Called-In Cancel Flow · Contact Before Pricing · Three-Offer Cohort · 1. Low risk · Midpoint,Called-In Cancel Flow,Contact Before Pricing,Three-Offer Cohort,1. Low risk,Midpoint,tenure,31,31,1454.0,1177.0,2183.5,1006.5,50,50,1424.0,1155.5,1841.25,685.75,30.0,-254.09999999999982,547.0,2000,0.95
6,Called-In Cancel Flow · Contact Before Pricing · Three-Offer Cohort · 1. Low risk · Midpoint,Called-In Cancel Flow,Contact Before Pricing,Three-Offer Cohort,1. Low risk,Midpoint,tt_cost,31,31,387.2486666666667,281.44966666666664,584.3875,302.9378333333334,50,50,417.74850000000004,207.00183333333337,627.5765833333332,420.5747499999999,-30.499833333333356,-156.3618083333333,100.46483333333333,2000,0.95
6,Called-In Cancel Flow · Contact Before Pricing · Three-Offer Cohort · 1. Low risk · Tiered,Called-In Cancel Flow,Contact Before Pricing,Three-Offer Cohort,1. Low risk,Tiered,frequency,12,12,88.5,82.0,91.0,9.0,60,60,85.5,58.0,89.0,31.0,3.0,-8.0,10.0,2000,0.95
6,Called-In Cancel Flow · Contact Before Pricing · Three-Offer Cohort · 1. Low risk · Tiered,Called-In Cancel Flow,Contact Before Pricing,Three-Offer Cohort,1. Low risk,Tiered,breadth,12,12,5.0,2.0,8.5,6.5,60,60,6.5,4.0,10.0,6.0,-1.5,-5.0,2.512499999999932,2000,0.95
6,Called-In Cancel Flow · Contact Before Pricing · Three-Offer Cohort · 1. Low risk · Tiered,Called-In Cancel Flow,Contact Before Pricing,Three-Offer Cohort,1. Low risk,Tiered,tenure,12,12,1581.0,1364.25,1989.5,625.25,60,60,1607.0,1283.5,1993.0,709.5,-26.0,-308.5374999999999,454.02499999999986,2000,0.95
6,Called-In Cancel Flow · Contact Before Pricing · Three-Offer Cohort · 1. Low risk · Tiered,Called-In Cancel Flow,Contact Before Pricing,Three-Offer Cohort,1. Low risk,Tiered,tt_cost,12,12,371.28599999999994,291.2065,569.5965000000001,278.3900000000001,60,60,508.49100000000004,286.0101666666667,724.35825,438.3480833333333,-137.2050000000001,-245.58097916666665,135.5393249999999,2000,0.95
7,Called-In Cancel Flow · Contact On/After Pricing · Three-Offer Cohort · 1. Low risk · Control,Called-In Cancel Flow,Contact On/After Pricing,Three-Offer Cohort,1. Low risk,Control,frequency,49,49,85.0,60.0,90.0,30.0,13,13,64.0,51.0,76.0,25.0,21.0,6.0,34.024999999999864,2000,0.95
7,Called-In Cancel Flow · Contact On/After Pricing · Three-Offer Cohort · 1. Low risk · Control,Called-In Cancel Flow,Contact On/After Pricing,Three-Offer Cohort,1. Low risk,Control,breadth,49,49,6.0,2.0,10.0,8.0,13,13,7.0,1.0,9.0,8.0,-1.0,-4.0,5.0,2000,0.95
7,Called-In Cancel Flow · Contact On/After Pricing · Three-Offer Cohort · 1. Low risk · Control,Called-In Cancel Flow,Contact On/After Pricing,Three-Offer Cohort,1. Low risk,Control,tenure,49,49,1698.0,1453.0,2000.0,547.0,13,13,1515.0,1206.0,1755.0,549.0,183.0,-120.0,522.0,2000,0.95
7,Called-In Cancel Flow · Contact On/After Pricing · Three-Offer Cohort · 1. Low risk · Control,Called-In Cancel Flow,Contact On/After Pricing,Three-Offer Cohort,1. Low risk,Control,tt_cost,49,49,537.462,391.275,649.5666666666667,258.29166666666674,13,13,397.602,256.077,534.465,278.38800000000003,139.86,-15.677850000000003,319.2896666666666,2000,0.95
7,Called-In Cancel Flow · Contact On/After Pricing · Three-Offer Cohort · 1. Low risk · Midpoint,Called-In Cancel Flow,Contact On/After Pricing,Three-Offer Cohort,1. Low risk,Midpoint,frequency,37,37,87.0,77.0,90.0,13.0,27,27,80.0,47.0,87.0,40.0,7.0,3.0,21.0,2000,0.95
7,Called-In Cancel Flow · Contact On/After Pricing · Three-Offer Cohort · 1. Low risk · Midpoint,Called-In Cancel Flow,Contact On/After Pricing,Three-Offer Cohort,1. Low risk,Midpoint,breadth,37,37,8.0,5.0,10.0,5.0,27,27,4.0,2.0,9.0,7.0,4.0,-1.0,6.0,2000,0.95
7,Called-In Cancel Flow · Contact On/After Pricing · Three-Offer Cohort · 1. Low risk · Midpoint,Called-In Cancel Flow,Contact On/After Pricing,Three-Offer Cohort,1. Low risk,Midpoint,tenure,37,37,1418.0,1147.0,1634.0,487.0,27,27,1549.0,1284.0,1918.5,634.5,-131.0,-441.0,61.0,2000,0.95
7,Called-In Cancel Flow · Contact On/After Pricing · Three-Offer Cohort · 1. Low risk · Midpoint,Called-In Cancel Flow,Contact On/After Pricing,Three-Offer Cohort,1. Low risk,Midpoint,tt_cost,37,37,391.275,206.41966666666667,496.651,290.23133333333334,27,27,483.849,386.17150000000004,574.6355000000001,188.46400000000006,-92.57400000000001,-264.65366666666665,1.6649999999999636,2000,0.95
7,Called-In Cancel Flow · Contact On/After Pricing · Three-Offer Cohort · 1. Low risk · Tiered,Called-In Cancel Flow,Contact On/After Pricing,Three-Offer Cohort,1. Low risk,Tiered,frequency,23,23,88.0,82.5,90.5,8.0,40,40,82.5,63.25,90.0,26.75,5.5,-2.0,13.5,2000,0.95
7,Called-In Cancel Flow · Contact On/After Pricing · Three-Offer Cohort · 1. Low risk · Tiered,Called-In Cancel Flow,Contact On/After Pricing,Three-Offer Cohort,1. Low risk,Tiered,breadth,23,23,9.0,4.5,12.0,7.5,40,40,6.0,3.0,9.0,6.0,3.0,-1.0,6.0,2000,0.95
7,Called-In Cancel Flow · Contact On/After Pricing · Three-Offer Cohort · 1. Low risk · Tiered,Called-In Cancel Flow,Contact On/After Pricing,Three-Offer Cohort,1. Low risk,Tiered,tenure,23,23,1475.0,1275.5,1968.0,692.5,40,40,1390.5,1178.0,1756.0,578.0,84.5,-238.03749999999994,459.0,2000,0.95
7,Called-In Cancel Flow · Contact On/After Pricing · Three-Offer Cohort · 1. Low risk · Tiered,Called-In Cancel Flow,Contact On/After Pricing,Three-Offer Cohort,1. Low risk,Tiered,tt_cost,23,23,474.858,395.7075,632.3088333333334,236.6013333333334,40,40,415.4571666666667,211.11858333333336,558.02475,346.90616666666665,59.40083333333331,-40.959,203.46902499999993,2000,0.95
